eid,pname,pid
cd2aaf62-5438-48f9-afc8-58a4cafe38d1,probe01,30924eb8-9285-4f2e-b5f7-308ae7b604a1
bdc39f1e-0b7a-4e59-9e05-6bb21efb9dc3,probe00,03d9a7d6-1aa6-4830-aa5d-7b917bec19f8
0c30c345-c30f-4736-8853-e08961d15e5a,probe01,e46b2ef7-2ece-4450-9052-12d031e05ab4
b11a0a7c-c4dd-4746-b800-42243714d366,probe00,89a91bda-cce2-4a56-b226-0d56c8f50577
60b0ad49-6c69-44f9-90a8-216b662b1a4a,probe02,94943c9f-f0b6-4cea-ad1f-33229ec477ff
c933e670-e2b6-495b-a7f2-fa982dd727d3,probe01,453c2957-b647-47ec-9c10-218e451b286b
adbe3b0d-d820-4520-a686-a156ea7569b9,probe00,b51eb38c-3bca-4231-8eb6-67647967b704
c933e670-e2b6-495b-a7f2-fa982dd727d3,probe00,b5f47989-27d7-4ac6-8ee7-a9985a34535f
cd2aaf62-5438-48f9-afc8-58a4cafe38d1,probe03,e399a196-f0f3-4231-a196-0b59a3a3bcdf
33f49d24-7394-4056-925d-b94249049090,probe01,54a67de9-3a7c-4667-b0c4-95b7804d39c6
0e1ced60-627c-4b61-927e-13f95a46018b,probe01,7803d888-542c-44a2-807a-ff670b219caf
b11a0a7c-c4dd-4746-b800-42243714d366,probe03,df79478e-f6b0-4105-9e75-deac5b8e2975
56f44d04-6d7a-4439-96ac-953c2a3d02c5,probe02,7018680e-6aeb-4d9f-ac8b-8364c4313ed0
9648c7b5-5002-4adc-a09d-1bd90f76f34c,probe00,47e735ca-f14a-44d3-bea0-0e6a5a771cd1
47795ab9-fb92-4ad4-b0be-274a44bb181e,probe01,2389a4a9-2f77-4c43-8dac-347a9d098c46
650d2d44-c4d5-425a-ad12-685b821e750b,probe01,fca7eec0-d9fc-407a-8d5c-6e2e57de8c87
af2698de-79c8-4a11-b9fb-45c450798c37,probe01,439e430e-3c58-4f0f-bd7e-73227bd88325
af2698de-79c8-4a11-b9fb-45c450798c37,probe00,d7616274-b0cf-464c-929c-54bb553f281b
2ee192a7-1cae-484a-82b1-ebf387ea225c,probe02,1ffb7aa1-c5b9-4023-b367-a16284ebe096
0e1ced60-627c-4b61-927e-13f95a46018b,probe00,a6b3ed73-9ee2-40d5-956b-76194d9a482f
a26efa24-aaf5-4957-9e68-71d967ef16d4,probe00,3385b6fa-0eb1-428d-86f2-ec264fb2e234
b11a0a7c-c4dd-4746-b800-42243714d366,probe01,04ff9db6-3a86-4b53-ad3f-09d921ac8d28
50733f92-8bec-4345-bdb7-0ac3c713c108,probe00,2fe2fb0a-af49-4279-a99e-d616b6a3c1da
0cc8e776-5ab4-4951-9b20-f30e62ce2e60,probe00,7666a070-04a2-4cb9-b10c-37d4f78682d1
5789b999-a998-47c3-a40b-08867b4b1781,probe02,4f80dedb-12a8-43c2-a8a9-1e6ee98a8b5c
df0ee24a-fcf0-45e6-9d6e-a03fa0d62b99,probe01,a25932c7-a82c-4881-ac0a-7c5d9f19d2ce
66c64b52-2f55-4340-8670-d368b7f40c1f,probe02,e858736f-b855-472e-94c2-d9bc29c5ac6f
e5d1c4da-c500-46d5-a014-a5fca3207292,probe01,45c3c3c6-e0b5-465b-9fb5-c6008cef2196
e5d1c4da-c500-46d5-a014-a5fca3207292,probe00,ee2b3d0e-f38c-481b-82d9-eaf0983b8611
5789b999-a998-47c3-a40b-08867b4b1781,probe01,415dc2f1-cdf9-4ed8-b117-1b409571ac39
cd2aaf62-5438-48f9-afc8-58a4cafe38d1,probe00,73696336-a190-4008-a688-8b88df5b707a
1bd5e3be-2763-4bb2-bcbd-679266657bf2,probe00,7abb636e-99a9-4170-9b35-2cc60cf57356
66c64b52-2f55-4340-8670-d368b7f40c1f,probe01,b923a651-676f-4249-8880-df3aebbcb627
9c4cdfe7-4194-45ec-b304-5c767c37085f,probe00,db84d53c-53da-4e54-b002-3372b6f74545
cb2638af-d35a-4c2b-a9ef-07ca4ff179ea,probe01,4c640459-3c5d-43ad-9f36-208ad24f80f2
ce87d57c-4078-494f-8c2e-8c4e4cd29520,probe00,f8b8d6a7-673c-4bdc-b69e-098cac502b0c
ce87d57c-4078-494f-8c2e-8c4e4cd29520,probe01,bac8641d-4009-4efb-abf4-90f68d61c6df
56f44d04-6d7a-4439-96ac-953c2a3d02c5,probe01,cb8a873e-491f-4eb5-89ac-1243a68ac1d8
fbefb6d7-bac5-49bf-be58-3b453c0e30d9,probe01,945ce18d-f27c-43cb-9341-a079090dd6b9
650d2d44-c4d5-425a-ad12-685b821e750b,probe00,20152174-1b86-4a70-9440-71d731190619
18ade6f2-9289-4314-9a8a-2a6771aff8f8,probe00,9ae3fb24-9526-413f-bfb1-db9b29f88f24
9c4cdfe7-4194-45ec-b304-5c767c37085f,probe02,948cc48b-9ca2-42aa-b640-112ed9138e3d
af2698de-79c8-4a11-b9fb-45c450798c37,probe02,fe942b24-4176-4c02-bf29-a1aa947275f5
60b0ad49-6c69-44f9-90a8-216b662b1a4a,probe01,c8916e00-baa4-4ac9-8fdb-9ec4f47a9876
cb2638af-d35a-4c2b-a9ef-07ca4ff179ea,probe00,3dc959f7-6bc2-45db-9f8c-94a7e17f09ee
c34f72ea-b742-4c13-92b3-22b5bc9eca14,probe02,a73ed297-52ff-4796-af4c-c066f726e8de
adbe3b0d-d820-4520-a686-a156ea7569b9,probe02,becb8505-9bfc-4c03-841f-7c3ba277ed61
56f44d04-6d7a-4439-96ac-953c2a3d02c5,probe00,140e2e30-68b2-4605-9a07-0da13acfe63c
47795ab9-fb92-4ad4-b0be-274a44bb181e,probe00,5b50366b-4216-419e-be64-8de31d617d4b
50cba746-9c01-4c2c-9706-8ce9875569d9,probe01,ec0cd5ed-ef83-4f70-9832-111e1f9dede4
061b00d9-b898-48d3-8d83-700c4d9ddbee,probe00,28da0de8-46af-4567-af2a-729c3fed4d6c
50733f92-8bec-4345-bdb7-0ac3c713c108,probe01,2cd00dbc-36f7-4a30-83d5-7a2d26451cc1
c34f72ea-b742-4c13-92b3-22b5bc9eca14,probe00,0e5784e8-a136-48b4-b9dc-e750a1bbf15a
e705df03-36e5-412b-9563-d516ba446fff,probe00,70ded061-967d-43d6-9723-6c0e5b8b24cf
18ade6f2-9289-4314-9a8a-2a6771aff8f8,probe01,08f03147-6ef4-448d-9a6c-ba9ca21c29ef
df0ee24a-fcf0-45e6-9d6e-a03fa0d62b99,probe00,20840f25-817e-4b53-9334-ba489c388927
ce87d57c-4078-494f-8c2e-8c4e4cd29520,probe02,3e75abf3-9236-4a5b-a7a0-a83e75c2f25b
dbc6f1ba-991e-4a40-ae98-2edbb82886f6,probe00,ef40d113-6b5c-4456-ac3f-f9fe926e91b4
7559387c-7032-45a9-ab03-ad2b0c6eafa2,probe00,d6e54c4f-2919-48a7-8eec-dfcd7845b37b
33f49d24-7394-4056-925d-b94249049090,probe00,bded3a59-f767-4d9b-b973-54ec925e232d
bdc39f1e-0b7a-4e59-9e05-6bb21efb9dc3,probe02,314b0e5d-626e-445d-8916-fd0c2e0241f7
9c4cdfe7-4194-45ec-b304-5c767c37085f,probe01,04ee67c1-973a-4637-b82c-26c0bba541cd
fbefb6d7-bac5-49bf-be58-3b453c0e30d9,probe00,71260fd9-a38a-46a3-8576-fee126671ac7
33f49d24-7394-4056-925d-b94249049090,probe02,d212895f-e04d-4931-b878-b2e3212c54c3
7559387c-7032-45a9-ab03-ad2b0c6eafa2,probe02,e23a517c-2947-48ab-91d2-d47239018962
2ee192a7-1cae-484a-82b1-ebf387ea225c,probe00,35e34c18-7dbd-4c5a-8318-bf89607f096f
66c64b52-2f55-4340-8670-d368b7f40c1f,probe00,2a114fc4-af93-4f13-95bb-dc4178036da4
71dbe1b4-0557-4157-a288-a2f47e9044df,probe01,90726cf6-1324-4cfb-8b28-84f1f993b79c
7559387c-7032-45a9-ab03-ad2b0c6eafa2,probe01,46b0c6c9-927e-4d10-b554-0cbaae246417
b11a0a7c-c4dd-4746-b800-42243714d366,probe02,438338dc-efe5-4c60-a20d-c1609180701e
50cba746-9c01-4c2c-9706-8ce9875569d9,probe00,1078a062-bb28-478b-bc03-4c2c34f680d2
c34f72ea-b742-4c13-92b3-22b5bc9eca14,probe01,510e989f-4004-4c78-8290-7728109eb063
cd2aaf62-5438-48f9-afc8-58a4cafe38d1,probe02,9684a9a1-d3ac-4bb0-bf12-9912f2610adc
15275763-c6cc-4c31-83cd-8759748f664e,probe00,eeb69493-75f4-402d-ba6c-585a427eee7c
4b355785-475b-469d-9aff-79956e753f9a,probe00,1d79b58a-3381-49a1-9a95-a0be4269c0e1
4b355785-475b-469d-9aff-79956e753f9a,probe02,40dfa6e7-fd26-4722-9d9d-ea53a06bd2e8
0e1ced60-627c-4b61-927e-13f95a46018b,probe02,48f5b0ff-2823-46d4-ac23-8ef811f2653a
e3ae7098-9297-485e-8984-014249703173,probe00,72395e8e-b7bf-41ac-baac-bdc288129dc8
4b355785-475b-469d-9aff-79956e753f9a,probe01,b38313d4-4cc8-40a4-a5e8-e226e9098c05
adbe3b0d-d820-4520-a686-a156ea7569b9,probe01,32f56958-f00c-495b-8495-3e23a59c37bc
0c30c345-c30f-4736-8853-e08961d15e5a,probe00,76814b88-62ba-4393-af4e-72657a49f92c
5789b999-a998-47c3-a40b-08867b4b1781,probe00,df8f2571-e9bb-46c8-badf-46444fb0b2d9
2ee192a7-1cae-484a-82b1-ebf387ea225c,probe01,a73c3455-f049-4fc1-b685-edac84c7a36d
bdc39f1e-0b7a-4e59-9e05-6bb21efb9dc3,probe01,c240cda2-f62d-4ec9-8aa8-d5fb086848e5
71dbe1b4-0557-4157-a288-a2f47e9044df,probe00,2e720a73-9f80-4871-95af-6812ac296097
e8454778-ab1e-4a10-8561-be197787ac74,probe00,6a45ae7c-490a-4814-9d77-583b3be3958d
0f763639-c289-456f-a42f-6fd9eff3fcd6,probe00,42cfc6d1-68e2-4f46-8916-068c39d2a203
d2418a1a-068e-44f5-89dc-ba94b7ab4b24,probe00,76ea0435-033c-4612-9e41-3241d9f283cd
